feature,med_delta_ET,lo_ET,hi_ET,med_delta_geff,lo_geff,hi_geff,B
P,58.597001974761,54.77753442221747,62.09912701928252,0.7552740693238938,0.7064435075943135,0.8098362656593128,1000
Rg,32.05956992819068,29.978860512984873,34.17146462088978,0.3587346544622504,0.33495812261983515,0.38394546728179335,1000
Ta,39.51932799016359,36.11540617844278,42.59432533886846,0.3030997078699014,0.28012057628685366,0.3248082388653788,1000
VPD,37.371568208833715,33.37844159018443,42.1191942941213,3.2582048099722316,3.1219181386219086,3.3866150607113616,1000
