channel,med_delta_ET,lo_ET,hi_ET,B
VPD[demand],356.3415106524685,332.9012348119727,381.243684524249,1000
VPD[stomatal],380.6056258680427,356.27676536780695,401.973568001026,1000
