channel,med_delta_ET,lo_ET,hi_ET,B
VPD[demand],323.05573791424376,304.1438166410361,347.51962907033607,1000
VPD[stomatal],322.0712987606861,301.6932433563999,340.0834470135655,1000
